"0","# Charger les fichiers exemples depuis inst/extdata"
"0","P001_file <- system.file(""extdata"", ""P001.xlsx"", package = ""epletPairFinder"")"
"0","P002_file <- system.file(""extdata"", ""P002.xlsx"", package = ""epletPairFinder"")"
"0",""
"0","# Analyse du premier fichier (réactivité anti-HLA)"
"0","result_p001 <- analyse_ACC("
"0","  acc_file = P001_file,          # fichier de réactivité à analyser"
"0","  clean_eplet = clean_eplet, # données eplets nettoyées"
"0","  choix = 1,                 # option par défaut"
"0","  seuil = 1000,              # seuil par défaut"
"0","  output_excel = FALSE       # ne pas créer de fichier Excel"
"0",")"
"0",""
"0","# Analyse du deuxième fichier avec eplets du soi"
"0","result_p002 <- analyse_ACC("
"0"," acc_file = P002_file,"
"0","  clean_eplet = clean_eplet,"
"0","  soi_file = P002_file,      # contient une feuille eplets du soi"
"0","  output_excel = TRUE        # export des résultats vers Excel"
"0",")"
"2","Erreur dans creer_non_self(eplet_soi = eplet_soi, clean_eplet = clean_eplet,  : 
   eplet_soi doit contenir les colonnes : 'locus', 'name'
"
